/*
SQLyog Ultimate - MySQL GUI v8.32 
MySQL - 5.6.11 : Database - jldw1
*********************************************************************
*/

/*!40101 SET NAMES utf8 */;

/*!40101 SET SQL_MODE=''*/;

/*!40014 SET @OLD_UNIQUE_CHECKS=@@UNIQUE_CHECKS, UNIQUE_CHECKS=0 */;
/*!40014 SET @OLD_FOREIGN_KEY_CHECKS=@@FOREIGN_KEY_CHECKS, FOREIGN_KEY_CHECKS=0 */;
/*!40101 SET @OLD_SQL_MODE=@@SQL_MODE, SQL_MODE='NO_AUTO_VALUE_ON_ZERO' */;
/*!40111 SET @OLD_SQL_NOTES=@@SQL_NOTES, SQL_NOTES=0 */;
CREATE DATABASE /*!32312 IF NOT EXISTS*/`jldw` /*!40100 DEFAULT CHARACTER SET utf8 */;

USE `jldw`;

/*Table structure for table `template_level` */

DROP TABLE IF EXISTS `template_level`;

CREATE TABLE `template_level` (
  `level_id` int(11) NOT NULL,
  `chinese` varchar(18) DEFAULT NULL,
  PRIMARY KEY (`level_id`)
) ENGINE=InnoDB DEFAULT CHARSET=utf8;

/*Data for the table `template_level` */

insert  into `template_level`(`level_id`,`chinese`) values (0,'测试小金鱼'),(11,'小金鱼(1级)'),(12,'小金鱼(2级)'),(13,'小金鱼(3级)'),(14,'小锦鲤(1级)'),(15,'小锦鲤(2级)'),(16,'小锦鲤(3级)');

/*Table structure for table `template_luck` */

DROP TABLE IF EXISTS `template_luck`;

CREATE TABLE `template_luck` (
  `id` int(11) NOT NULL,
  `chinese` varchar(20) NOT NULL,
  PRIMARY KEY (`id`,`chinese`)
) ENGINE=InnoDB DEFAULT CHARSET=utf8;

/*Data for the table `template_luck` */

insert  into `template_luck`(`id`,`chinese`) values (1,'日剧'),(2,'告别'),(3,'排骨'),(4,'交配'),(5,'登QQ'),(6,'逛街'),(7,'吊带'),(8,'早起'),(9,'休假'),(10,'洗车'),(11,'撸串'),(12,'热茶'),(13,'冷门'),(14,'打卡'),(15,'甜食'),(16,'肉粽'),(17,'想念'),(18,'划屏'),(19,'晨吐'),(20,'失踪'),(21,'放弃'),(22,'开会'),(23,'充电'),(24,'庆生'),(25,'借书'),(26,'水饺'),(27,'玩笑'),(28,'闭眼'),(29,'喝大'),(30,'观星'),(31,'丝袜'),(32,'翻脸'),(33,'花生'),(34,'鼓掌'),(35,'借宿'),(36,'鲜奶'),(37,'催稿'),(38,'换座'),(39,'摇头'),(40,'摆胯'),(41,'零钱'),(42,'广播'),(43,'吃面'),(44,'握手'),(45,'香菜'),(46,'补课'),(47,'汤'),(48,'马甲'),(49,'话唠'),(50,'玩牌'),(51,'蒙面'),(52,'豆浆'),(53,'面点'),(54,'泡面'),(55,'Kindle'),(56,'拼车'),(57,'出差'),(58,'拔牙'),(59,'健身'),(60,'喂奶'),(61,'请客'),(62,'口罩'),(63,'飞吻'),(64,'棉拖'),(65,'赤膊'),(66,'理发'),(67,'裁衣'),(68,'告状'),(69,'要账'),(70,'PostRock'),(71,'剔牙'),(72,'晨练'),(73,'费电'),(74,'送礼'),(75,'裸睡'),(76,'健身'),(77,'辞职'),(78,'自拍'),(79,'潮湿'),(80,'搬家'),(81,'白菜'),(82,'便秘'),(83,'早退'),(84,'办证'),(85,'废话'),(86,'喝汤'),(87,'抽奖'),(88,'逃单'),(89,'验血'),(90,'煎蛋'),(91,'冲饮'),(92,'耳语'),(93,'黄瓜'),(94,'望天'),(95,'坐浴'),(96,'午睡'),(97,'嗜睡'),(98,'独饮'),(99,'憋尿'),(100,'肉包'),(101,'自黑'),(102,'超车'),(103,'花椒'),(104,'洋人'),(105,'叛逃'),(106,'扑克'),(107,'闲聊'),(108,'展望'),(109,'计划'),(110,'失恋'),(111,'总结'),(10001,'吐槽评论'),(10002,'冷落友妻'),(10003,'存车要票'),(10004,'分赃不均'),(10005,'晚上遛狗'),(10006,'日本料理'),(10007,'拉黑前男'),(10008,'借位拍照'),(10009,'以身饲蚊'),(10010,'小鸟依人'),(10011,'批量下AV'),(10012,'发好人卡'),(10013,'填报销单'),(10014,'捆绑销售'),(10015,'打卡甜食'),(10016,'主动求虐'),(10017,'讨教技法'),(10018,'废除合约'),(10019,'车站接人'),(10020,'主动交配'),(10021,'刷朋友圈'),(10022,'以腿服人'),(10023,'过生日'),(10024,'意外怀孕'),(10025,'奔赴南方'),(10026,'绷B热裤'),(10027,'带病求亲'),(10028,'赌球赖账'),(10029,'诚恳挽留'),(10030,'捆绑销售'),(10031,'晚餐节食'),(10032,'冷落友妻'),(10033,'蓝色球衣'),(10034,'多人混浴'),(10035,'冷落友妻'),(10036,'物理降温'),(10037,'自曝隐疾'),(10038,'借位拍照'),(10039,'哄骗表姐'),(10040,'存车要票'),(10041,'难以入睡'),(10042,'婚前焦虑'),(10043,'传播八卦'),(10044,'准备考试'),(10045,'打车APP'),(10046,'填报销单'),(10047,'歧视二逼'),(10048,'小鸟依人'),(10049,'日本料理'),(10050,'主动求虐'),(10051,'擦洗家具'),(10052,'好人卡'),(10053,'嘴硬心软'),(10054,'过膝靴'),(10055,'三方声明'),(10056,'暴打领导'),(10057,'赞美ex'),(10058,'代人道歉'),(10059,'无框眼镜'),(10060,'拒绝表白'),(10061,'生吃番茄'),(10062,'打折票'),(10063,'iPhone拍照'),(10064,'事后烟'),(10065,'微信发图'),(10066,'方言沟通'),(10067,'频繁小解'),(10068,'修身T恤'),(10069,'倒骑转椅'),(10070,'换零钱'),(10071,'饭后烟'),(10072,'勃然大撸'),(10073,'金属筷子'),(10074,'后知后觉'),(10075,'卷发棒'),(10076,'各种咒语'),(20001,'锦鲤转运链'),(20002,'红色手机壳'),(20003,'黑曜石手链'),(20004,'公交卡'),(20005,'横条衫'),(20006,'紫色食物'),(20007,'会上瞌睡'),(20008,'午餐破费'),(20009,'捎口信'),(20010,'冷水洗澡'),(20011,'网上转账'),(20012,'败坏床品'),(20013,'大口呼吸'),(20014,'微信表白'),(20015,'修剪鬓角'),(20016,'吞食异物'),(20017,'谈论网游'),(20018,'不熟充熟'),(20019,'检索番号'),(20020,'冤冤相抱'),(20021,'拖延症'),(20022,'关爱门卫'),(20023,'移动电源'),(20024,'鸳鸯锅'),(20025,'QQ隐身'),(20026,'迁就伴侣'),(20027,'拒绝包邮'),(20028,'结伴面试'),(20029,'折返路线'),(20030,'购买厨具'),(20031,'机打发票'),(20032,'削铅笔'),(20033,'噪音扰民'),(20034,'废物利用'),(20035,'拒绝求婚'),(20036,'探望岳母'),(20037,'露天用餐'),(20038,'询问时间'),(20039,'互道晚安'),(20040,'乱中取胜'),(20041,'相互取暖'),(20042,'自创热点'),(20043,'双手打字'),(20044,'免费广告'),(20045,'假装爱过'),(20046,'自曝短处'),(20047,'公开求偶'),(20048,'虚惊一场'),(20049,'互道晚安'),(20050,'奇迹出现'),(20051,'硬币消费'),(20052,'互道晚安'),(20053,'结伴午饭'),(20054,'珍珠奶茶'),(20055,'冲动投资'),(20056,'听陈奕迅'),(20057,'鱼缸换水'),(20058,'推荐新人'),(20059,'饥饿疗法'),(20060,'职业规划'),(20061,'随地下蹲'),(20062,'释放酒量'),(20063,'九字短信'),(20064,'齐头发帘'),(20065,'炫耀罩杯'),(20066,'出大招'),(20067,'拨打分机'),(20068,'无痕内衣'),(20069,'集体裸睡'),(20070,'倒卖名片'),(20071,'日出而嘬'),(20072,'电话会议'),(20073,'装聋作哑'),(20074,'热门话题'),(20075,'电梯夹头'),(20076,'夜班尿床'),(20077,'注意安全'),(20078,'网络金融'),(20079,'购买彩票'),(20080,'反复赖床'),(20081,'更换密码'),(20082,'放狠话'),(20083,'热带水果'),(20084,'电磁炉'),(20085,'调整手表'),(20086,'代收快递'),(20087,'拷贝文字'),(20088,'准时到岗'),(20089,'格子床单'),(20090,'暴露年龄'),(20091,'团购零食'),(20092,'浇灌植物'),(20093,'冲印照片'),(20094,'厕所偷拍'),(20095,'刮腿毛'),(20096,'加湿器'),(20097,'循环播放'),(20098,'浴衣趴体'),(20099,'软饭硬吃'),(20100,'相互推诿'),(20101,'坡跟鞋'),(20102,'转移资产'),(20103,'情侣套装'),(20104,'逃课旷工'),(20105,'替人受过'),(20106,'幸灾乐祸'),(20107,'修剪腋毛'),(20108,'发送私信'),(20109,'无片镜框'),(20110,'吉他弹唱'),(20111,'废除约定'),(20112,'扫大家兴'),(20113,'绿叶菜'),(20114,'精装书'),(20115,'转让门票'),(20116,'言归于好'),(20117,'自制点心'),(20118,'频频回头'),(20119,'瓷杯饮茶'),(20120,'装大个儿'),(20121,'宫保鸡丁'),(20122,'牛奶泡脚'),(20123,'自修忍术'),(20124,'倒计时'),(20125,'在家加班'),(20126,'粉色封皮'),(20127,'替人缴费'),(20128,'地方小吃'),(20129,'加班餐'),(20130,'彩色头饰'),(20131,'右手开门'),(20132,'冲服馒头'),(20133,'抛售股票'),(20134,'暴力拔牙'),(20135,'吞吞吐吐'),(20136,'接近胖子'),(20137,'以貌娶人'),(20138,'冷水刷牙'),(20139,'手部运动'),(20140,'被迫相亲'),(20141,'转发段子'),(20142,'分摊房费'),(20143,'洗鸳鸯浴'),(20144,'不识抬举'),(20145,'高调分手'),(20146,'肉色内衣'),(20147,'尿速过快'),(20148,'独自落泪'),(20149,'发放福利'),(20150,'充当损友'),(20151,'恢复更新'),(20152,'跨国通讯'),(20153,'方便面'),(20154,'修理家居'),(20155,'粤语点菜'),(20156,'粤语点菜'),(20157,'约见EX'),(20158,'浓稠饮品'),(20159,'索要发票'),(20160,'分泌体液'),(20161,'手动磨白'),(20162,'大幅甩臂'),(20163,'整理简历'),(20164,'电话催款'),(20165,'约见客户'),(20166,'主动加班'),(20167,'嘲笑胖子'),(20168,'挑逗男神'),(20169,'装疯卖傻'),(20170,'持续拖延'),(20171,'上头条'),(20172,'千鸟格'),(20173,'采购坚果'),(20174,'倒行十步'),(20175,'转卖手机'),(20176,'皮质短裤'),(20177,'公仇私了'),(20178,'转借饭卡'),(20179,'双面打印'),(20180,'苦肉计'),(20181,'烧香拜金'),(20182,'涉外广播'),(20183,'积攒人品'),(20184,'保健品'),(20185,'当街朗诵'),(20186,'拒绝加薪'),(20187,'友情转发'),(20188,'日语交谈'),(20189,'抢先结账'),(20191,'转移财产'),(20192,'假装糊涂'),(20193,'关爱备胎'),(20194,'持续发胖'),(20195,'二郎腿'),(20196,'深夜发吃'),(20197,'各种无聊'),(20198,'申请加薪'),(20199,'添置家具'),(20200,'随机点赞'),(20202,'英文沟通'),(20203,'蓝色头像'),(20204,'糖墩儿'),(20205,'对焦不准'),(20206,'内药外敷'),(20207,'预约伴娘'),(20208,'张臂飞跑'),(20209,'辣白菜'),(20210,'浅色毛衣'),(20211,'当面验货'),(20212,'消炎药'),(20213,'更换厨具'),(20214,'上门提亲'),(20215,'赠送彩票'),(20216,'不痛不痒'),(20217,'翻篇儿'),(20218,'胡吃海塞'),(20219,'跨年炮'),(20220,'感谢挫折'),(20221,'收买岳母'),(20222,'南方水果'),(20223,'软件升级'),(20224,'合影自拍'),(20225,'丢弃旧物'),(20226,'明年再说'),(20227,'长微博'),(30001,'红色'),(30002,'蓝色'),(30003,'紫色'),(30004,'橙色'),(30005,'绿色'),(30006,'青色'),(30007,'黑色'),(40001,'转发锦鲤微博两次'),(40002,'给乞讨者1块钱'),(40003,'发个自拍@ 大王'),(40004,'语音向大王问好'),(40005,'分享此页到朋友圈'),(40006,'住处外绕三圈'),(40007,'摇摇锦鲤大王风铃'),(40008,'微博名加上\"锦鲤\"'),(40009,'微博头像换成锦鲤'),(50001,'床上挖鼻孔'),(50002,'吃饭听摇滚'),(50003,'约会白富美'),(50004,'中英文混杂'),(50005,'吐槽评论员'),(50006,'拉黑前男友'),(50007,'婚后不焦虑'),(50008,'批量下载AV'),(50009,'晚七点前遛狗'),(50010,'转移集体财产'),(50011,'睁眼说瞎话'),(50012,'关爱待产女性'),(50013,'打印私人文件'),(50014,'开关百叶窗'),(50015,'下载限免应用'),(50016,'为女上司看手相'),(50017,'夸人身材好'),(50018,'无诚意促销'),(50019,'怒斥不良老板'),(50020,'嘲笑处男处女'),(50021,'亲吻左撇子'),(50022,'影院吃爆米花'),(50023,'提防男下属'),(50024,'转让初夜权'),(50025,'跨国朋友圈'),(50026,'鸡头巴脑汤'),(50027,'午后开始工作'),(50028,'与傻逼交谈'),(50029,'暴露数学功底'),(50030,'大面积啄伤'),(50031,'萝卜就热茶'),(50032,'白内衣配黑袜子'),(50033,'刷新朋友圈'),(50034,'听风就是雨'),(50035,'俄罗斯方块'),(50036,'关爱大脸女性'),(50037,'修改矢量图'),(50038,'无病乱投票'),(50039,'偷窥接吻情侣'),(50040,'删垃圾短信'),(50041,'晚11点后吸烟'),(50042,'饼卷臭豆腐'),(50043,'抢丈母娘貂儿'),(50044,'无限期等人'),(50045,'追打夹腿男'),(50046,'更新暗恋对象'),(50047,'下载电子书'),(50048,'六人以上会议'),(50049,'删除上网记录'),(50050,'勾引白羊座'),(50051,'勾引金牛座'),(50052,'勾引双子座'),(50053,'勾引巨蟹座'),(50054,'勾引狮子座'),(50055,'勾引处女座'),(50056,'勾引天秤座'),(50057,'勾引天蝎座'),(50058,'勾引射手座'),(50059,'勾引魔羯座'),(50060,'勾引水瓶座'),(50061,'勾引双鱼座'),(50062,'轻黑白羊座'),(50063,'轻黑金牛座'),(50064,'轻黑双子座'),(50065,'轻黑巨蟹座'),(50066,'轻黑狮子座'),(50067,'轻黑处女座'),(50068,'轻黑天秤座'),(50069,'轻黑天蝎座'),(50070,'轻黑射手座'),(50071,'轻黑魔羯座'),(50072,'轻黑水瓶座'),(50073,'轻黑双鱼座'),(50074,'巴结白羊座'),(50075,'巴结金牛座'),(50076,'巴结双子座'),(50077,'巴结巨蟹座'),(50078,'巴结狮子座'),(50079,'巴结处女座'),(50080,'巴结天秤座'),(50081,'巴结天蝎座'),(50082,'巴结射手座'),(50083,'巴结魔羯座'),(50084,'巴结水瓶座'),(50085,'巴结双鱼座'),(50086,'转基因食品'),(50087,'阅读长微博'),(50088,'散播假八卦'),(50089,'公交车站抽烟'),(50090,'尝试新餐馆'),(50091,'晒出黑名单'),(50092,'怒闯异性寝室'),(50093,'清空购物车'),(50094,'异性并排行走'),(50095,'出借数据线'),(50096,'排挤贫乳分子'),(50097,'酒后吐真言'),(50098,'扶老人过马路'),(50099,'夸赞别人老公'),(50100,'拨通不讲话'),(50101,'鼓励大龄剩女'),(50102,'预防相思病'),(50103,'帮女同学叠被'),(50104,'参与一切工作话题'),(50105,'小包装纸巾'),(50106,'烧烤类食品'),(50107,'各类网络测试'),(50108,'为父母做饭'),(50109,'甘当人肉撒气筒'),(50110,'故意不上床'),(50111,'狂殴加薪同事'),(50112,'关爱孕期妇女'),(50113,'一次性打火机'),(50114,'一贱犯众怒'),(50115,'夸赞美食'),(50116,'人工催乳'),(50117,'绿色下装'),(50118,'给老板起外号'),(50119,'腐乳就可乐'),(50120,'吞咽他人口水'),(50121,'交换手机号'),(50122,'检查伴侣手机'),(50123,'抽打外国朋友'),(50124,'携宠物出游'),(50125,'互称肉麻昵称'),(50126,'吃水果到撑'),(50127,'翻脸不认人'),(50128,'紧急避孕药'),(50129,'电梯内放屁'),(50130,'羊肉馅元宵'),(50131,'索要包装袋'),(50132,'催促快递员'),(50133,'上缴年终奖'),(50134,'冒领年终奖'),(50135,'请嫂子喝酒'),(50136,'招惹黑车司机'),(50137,'举报长腿女青年'),(50138,'使用二十元纸币'),(50139,'拒绝参与意见'),(50140,'没事儿瞎逗逼'),(50141,'作好事不留名'),(50142,'共用润唇膏'),(50143,'乘车掏耳朵'),(50144,'20页以上ppt'),(50145,'与杭州人握手'),(50146,'替同事格式硬盘'),(50147,'骚扰女权主义者'),(50148,'坐副驾驶位'),(50149,'无纸化办公'),(50150,'搭讪卧铺旅伴'),(50151,'撩拨销售女同事'),(50152,'转发猫狗图片'),(50153,'拆穿妄想症'),(50154,'勾引大头少女'),(50155,'临时开个会'),(50156,'拒绝领导奇怪要求'),(50157,'出借充电器'),(50158,'询问wifi密码'),(50159,'光长岁数不长个'),(50160,'假装有未来'),(50161,'转角撞到墙'),(50162,'粉红色内衣');

/*Table structure for table `user` */

DROP TABLE IF EXISTS `user`;

CREATE TABLE `user` (
  `user_id` bigint(20) NOT NULL,
  `wx_id` bigint(20) DEFAULT NULL,
  `fish_number` int(20) NOT NULL AUTO_INCREMENT,
  `level` int(11) DEFAULT NULL,
  `todayluck_id` int(11) DEFAULT NULL,
  `lastlogintime` timestamp NOT NULL DEFAULT CURRENT_TIMESTAMP ON UPDATE CURRENT_TIMESTAMP,
  PRIMARY KEY (`user_id`,`fish_number`),
  KEY `user_number` (`fish_number`)
) ENGINE=InnoDB AUTO_INCREMENT=12 DEFAULT CHARSET=utf8;

/*Data for the table `user` */

insert  into `user`(`user_id`,`wx_id`,`fish_number`,`level`,`todayluck_id`,`lastlogintime`) values (0,0,1,0,1,'2014-09-25 00:18:24'),(1,1,2,11,1,'2014-09-25 00:00:05'),(2,2,3,12,2,'2014-09-24 23:35:35'),(3,3,3,11,NULL,'2014-09-24 11:06:01'),(4,4,4,11,NULL,'2014-09-24 11:06:00'),(5,5,5,11,NULL,'2014-09-24 11:05:59'),(6,6,6,11,NULL,'2014-09-23 22:15:21'),(7,7,7,11,NULL,'2014-09-24 23:35:21'),(8,8,8,11,NULL,'2014-09-24 23:24:58'),(9,9,9,11,NULL,'2014-09-24 23:24:56'),(10,10,10,11,NULL,'2014-09-24 11:06:06'),(11,11,11,11,NULL,'2014-09-24 11:06:04');

/*Table structure for table `user_luck` */

DROP TABLE IF EXISTS `user_luck`;

CREATE TABLE `user_luck` (
  `user_id` bigint(20) NOT NULL,
  `v_caiyun` int(11) DEFAULT NULL,
  `v_shiye` int(11) DEFAULT NULL,
  `v_aiqing` int(11) DEFAULT NULL,
  `v_jiankang` int(11) DEFAULT NULL,
  `v_yunqi` int(11) DEFAULT NULL,
  `yi0_0` int(11) DEFAULT NULL,
  `yi0_1` int(11) DEFAULT NULL,
  `yi1_0` int(11) DEFAULT NULL,
  `yi1_1` int(11) DEFAULT NULL,
  `yi2_0` int(11) DEFAULT NULL,
  `yi2_1` int(11) DEFAULT NULL,
  `ji0_0` int(11) DEFAULT NULL,
  `ji0_1` int(11) DEFAULT NULL,
  `ji1_0` int(11) DEFAULT NULL,
  `ji1_1` int(11) DEFAULT NULL,
  `ji2_0` int(11) DEFAULT NULL,
  `ji2_1` int(11) DEFAULT NULL,
  `luck_item` int(11) DEFAULT NULL,
  `luck_color` int(11) DEFAULT NULL,
  `addluck_way` int(11) DEFAULT NULL,
  PRIMARY KEY (`user_id`)
) ENGINE=InnoDB DEFAULT CHARSET=utf8;

/*Data for the table `user_luck` */

insert  into `user_luck`(`user_id`,`v_caiyun`,`v_shiye`,`v_aiqing`,`v_jiankang`,`v_yunqi`,`yi0_0`,`yi0_1`,`yi1_0`,`yi1_1`,`yi2_0`,`yi2_1`,`ji0_0`,`ji0_1`,`ji1_0`,`ji1_1`,`ji2_0`,`ji2_1`,`luck_item`,`luck_color`,`addluck_way`) values (0,6,2,10,9,8,10,12,10044,10046,50029,50045,27,48,10050,10064,50055,50072,20067,30002,40007),(1,9,8,6,1,4,1,9,10052,10058,50003,50008,21,33,10064,10075,50014,50024,20008,30001,40006),(2,7,0,10,5,10,18,24,10035,10043,50012,50017,26,30,10047,10076,50024,50026,20030,30007,40006),(3,1,9,4,2,2,19,21,10009,10012,50004,50005,30,33,10026,10060,50007,50014,20014,30003,40009),(4,10,7,10,2,6,22,24,10007,10029,50007,50010,35,37,10036,10074,50012,50023,20034,30006,40007),(5,7,10,3,8,1,1,7,10025,10027,50004,50009,27,41,10047,10060,50018,50020,20010,30003,40003),(6,2,8,10,8,10,5,7,10010,10042,50001,50005,8,17,10052,10071,50013,50028,20035,30004,40001),(7,10,1,6,6,3,1,5,10004,10042,50018,50032,32,56,10043,10066,50040,50074,20097,30005,40007),(8,8,4,3,10,1,17,38,10013,10033,50001,50034,45,50,10039,10052,50040,50044,20031,30003,40008),(9,8,10,7,3,5,8,41,10010,10039,50021,50026,49,58,10050,10065,50045,50079,20006,30004,40008),(10,2,0,1,2,10,10,28,10015,10024,50004,50015,36,40,10045,10074,50016,50025,20005,30007,40007),(11,9,3,1,9,4,7,29,10018,10033,50007,50011,31,36,10060,10064,50025,50028,20006,30007,40005);

/*!40101 SET SQL_MODE=@OLD_SQL_MODE */;
/*!40014 SET FOREIGN_KEY_CHECKS=@OLD_FOREIGN_KEY_CHECKS */;
/*!40014 SET UNIQUE_CHECKS=@OLD_UNIQUE_CHECKS */;
/*!40111 SET SQL_NOTES=@OLD_SQL_NOTES */;
