-- phpMyAdmin SQL Dump
-- version 4.2.7.1
-- http://www.phpmyadmin.net
--
-- Host: localhost
-- Generation Time: 2014-10-05 00:00:48
-- 服务器版本： 5.6.20
-- PHP Version: 5.5.15

SET SQL_MODE = "NO_AUTO_VALUE_ON_ZERO";
SET time_zone = "+00:00";


/*!40101 SET @OLD_CHARACTER_SET_CLIENT=@@CHARACTER_SET_CLIENT */;
/*!40101 SET @OLD_CHARACTER_SET_RESULTS=@@CHARACTER_SET_RESULTS */;
/*!40101 SET @OLD_COLLATION_CONNECTION=@@COLLATION_CONNECTION */;
/*!40101 SET NAMES utf8 */;

--
-- Database: `jldw`
--
CREATE DATABASE IF NOT EXISTS `jldw` DEFAULT CHARACTER SET utf8 COLLATE utf8_general_ci;
USE `jldw`;

-- --------------------------------------------------------

--
-- 表的结构 `template_level`
--

DROP TABLE IF EXISTS `template_level`;
CREATE TABLE IF NOT EXISTS `template_level` (
  `level_id` int(11) NOT NULL,
  `chinese` varchar(18) DEFAULT NULL
) ENGINE=InnoDB DEFAULT CHARSET=utf8;

--
-- 转存表中的数据 `template_level`
--

INSERT INTO `template_level` (`level_id`, `chinese`) VALUES
(0, '测试小金鱼'),
(11, '小金鱼(1级)'),
(12, '小金鱼(2级)'),
(13, '小金鱼(3级)'),
(14, '小锦鲤(1级)'),
(15, '小锦鲤(2级)'),
(16, '小锦鲤(3级)');

-- --------------------------------------------------------

--
-- 表的结构 `template_luck`
--

DROP TABLE IF EXISTS `template_luck`;
CREATE TABLE IF NOT EXISTS `template_luck` (
  `id` int(11) NOT NULL,
  `chinese` varchar(20) NOT NULL
) ENGINE=InnoDB DEFAULT CHARSET=utf8;

--
-- 转存表中的数据 `template_luck`
--

INSERT INTO `template_luck` (`id`, `chinese`) VALUES
(1, '日剧'),
(2, '告别'),
(3, '排骨'),
(4, '交配'),
(5, '登QQ'),
(6, '逛街'),
(7, '吊带'),
(8, '早起'),
(9, '休假'),
(10, '洗车'),
(11, '撸串'),
(12, '热茶'),
(13, '冷门'),
(14, '打卡'),
(15, '甜食'),
(16, '肉粽'),
(17, '想念'),
(18, '划屏'),
(19, '晨吐'),
(20, '失踪'),
(21, '放弃'),
(22, '开会'),
(23, '充电'),
(24, '庆生'),
(25, '借书'),
(26, '水饺'),
(27, '玩笑'),
(28, '闭眼'),
(29, '喝大'),
(30, '观星'),
(31, '丝袜'),
(32, '翻脸'),
(33, '花生'),
(34, '鼓掌'),
(35, '借宿'),
(36, '鲜奶'),
(37, '催稿'),
(38, '换座'),
(39, '摇头'),
(40, '摆胯'),
(41, '零钱'),
(42, '广播'),
(43, '吃面'),
(44, '握手'),
(45, '香菜'),
(46, '补课'),
(47, '汤'),
(48, '马甲'),
(49, '话唠'),
(50, '玩牌'),
(51, '蒙面'),
(52, '豆浆'),
(53, '面点'),
(54, '泡面'),
(55, 'Kindle'),
(56, '拼车'),
(57, '出差'),
(58, '拔牙'),
(59, '健身'),
(60, '喂奶'),
(61, '请客'),
(62, '口罩'),
(63, '飞吻'),
(64, '棉拖'),
(65, '赤膊'),
(66, '理发'),
(67, '裁衣'),
(68, '告状'),
(69, '要账'),
(70, 'PostRock'),
(71, '剔牙'),
(72, '晨练'),
(73, '费电'),
(74, '送礼'),
(75, '裸睡'),
(76, '健身'),
(77, '辞职'),
(78, '自拍'),
(79, '潮湿'),
(80, '搬家'),
(81, '白菜'),
(82, '便秘'),
(83, '早退'),
(84, '办证'),
(85, '废话'),
(86, '喝汤'),
(87, '抽奖'),
(88, '逃单'),
(89, '验血'),
(90, '煎蛋'),
(91, '冲饮'),
(92, '耳语'),
(93, '黄瓜'),
(94, '望天'),
(95, '坐浴'),
(96, '午睡'),
(97, '嗜睡'),
(98, '独饮'),
(99, '憋尿'),
(100, '肉包'),
(101, '自黑'),
(102, '超车'),
(103, '花椒'),
(104, '洋人'),
(105, '叛逃'),
(106, '扑克'),
(107, '闲聊'),
(108, '展望'),
(109, '计划'),
(110, '失恋'),
(111, '总结'),
(112, '酸奶'),
(113, '拔眉'),
(114, '马尾'),
(115, '槟榔'),
(116, '潜伏'),
(117, '绕远'),
(118, '暴走'),
(119, '烤肉'),
(120, '浇花'),
(121, '数独'),
(122, '帽衫'),
(123, '晨澡'),
(124, '海淘'),
(125, '擦地'),
(126, '还债'),
(127, '汉堡'),
(128, '手绘'),
(129, '话梅'),
(130, '抢购'),
(131, '猜拳'),
(132, '歪头'),
(133, '群发'),
(134, '奶糖'),
(135, '熬粥'),
(136, '喂鱼'),
(137, '肉饼'),
(138, '火锅'),
(139, '棋牌'),
(140, '饥渴'),
(141, '左手'),
(142, '白肉'),
(143, '报销'),
(144, '上班'),
(145, '平躺'),
(146, '卖怂'),
(147, '凉拖'),
(148, '素颜'),
(149, '夜路'),
(150, '豆瓣'),
(10001, '吐槽评论'),
(10002, '冷落友妻'),
(10003, '存车要票'),
(10004, '分赃不均'),
(10005, '晚上遛狗'),
(10006, '日本料理'),
(10007, '拉黑前男'),
(10008, '借位拍照'),
(10009, '以身饲蚊'),
(10010, '小鸟依人'),
(10011, '批量下AV'),
(10012, '发好人卡'),
(10013, '检查卫生'),
(10014, '捆绑销售'),
(10015, '打卡甜食'),
(10016, '主动求虐'),
(10017, '讨教技法'),
(10018, '废除合约'),
(10019, '车站接人'),
(10020, '主动交配'),
(10021, '刷朋友圈'),
(10022, '以腿服人'),
(10023, '过生日'),
(10024, '意外怀孕'),
(10025, '奔赴南方'),
(10026, '绷B热裤'),
(10027, '带病求亲'),
(10028, '赌球赖账'),
(10029, '诚恳挽留'),
(10030, '捆绑销售'),
(10031, '晚餐节食'),
(10032, '冷落友妻'),
(10033, '蓝色球衣'),
(10034, '多人混浴'),
(10035, '冷落友妻'),
(10036, '物理降温'),
(10037, '自曝隐疾'),
(10038, '借位拍照'),
(10039, '哄骗表姐'),
(10040, '存车要票'),
(10041, '难以入睡'),
(10042, '婚前焦虑'),
(10043, '传播八卦'),
(10044, '准备考试'),
(10045, '打车APP'),
(10046, '填报销单'),
(10047, '歧视二逼'),
(10048, '小鸟依人'),
(10049, '日本料理'),
(10050, '主动求虐'),
(10051, '擦洗家具'),
(10052, '好人卡'),
(10053, '嘴硬心软'),
(10054, '过膝靴'),
(10055, '三方声明'),
(10056, '暴打领导'),
(10057, '赞美ex'),
(10058, '代人道歉'),
(10059, '无框眼镜'),
(10060, '拒绝表白'),
(10061, '生吃番茄'),
(10062, '打折票'),
(10063, 'iPhone拍照'),
(10064, '事后烟'),
(10065, '微信发图'),
(10066, '方言沟通'),
(10067, '频繁小解'),
(10068, '修身T恤'),
(10069, '倒骑转椅'),
(10070, '换零钱'),
(10071, '饭后烟'),
(10072, '勃然大撸'),
(10073, '金属筷子'),
(10074, '后知后觉'),
(10075, '卷发棒'),
(10076, '各种咒语'),
(10077, '晒太阳'),
(10078, '半躺半坐'),
(10079, '自我批评'),
(10080, '突破禁区'),
(10081, '电子合同'),
(10082, '收敛毛孔'),
(10083, '格子衬衣'),
(10084, '超出预算'),
(10085, '考验软肋'),
(10086, '跑步机'),
(10087, '马克杯'),
(10088, '侧脸自拍'),
(10089, '装孙子'),
(10090, '热泪盈眶'),
(10091, '收取硬币'),
(10092, '中式快餐'),
(10093, '问候EX'),
(10094, '卡通口罩'),
(10095, '电动牙刷'),
(10096, '英文邮件'),
(10097, '毛绒玩具'),
(10098, '测量体温'),
(10099, '扩张毛孔'),
(10100, '电话采访'),
(10101, '公交卡'),
(10102, '横条衫'),
(10103, '紫色食物'),
(10104, '会上瞌睡'),
(10105, '午餐破费'),
(10106, '捎口信'),
(10107, '冷水洗澡'),
(10108, '网上转账'),
(10109, '败坏床品'),
(10110, '大口呼吸'),
(10111, '微信表白'),
(10112, '修剪鬓角'),
(10113, '吞食异物'),
(10114, '谈论网游'),
(10115, '不熟充熟'),
(10116, '检索番号'),
(10117, '冤冤相抱'),
(10118, '拖延症'),
(10119, '关爱门卫'),
(10120, '移动电源'),
(10121, '鸳鸯锅'),
(10122, 'QQ隐身'),
(10123, '迁就伴侣'),
(10124, '拒绝包邮'),
(10125, '结伴面试'),
(10126, '折返路线'),
(10127, '购买厨具'),
(10128, '机打发票'),
(10129, '削铅笔'),
(10130, '噪音扰民'),
(10131, '废物利用'),
(10132, '拒绝求婚'),
(10133, '探望岳母'),
(10134, '露天用餐'),
(10135, '询问时间'),
(10136, '互道晚安'),
(10137, '乱中取胜'),
(10138, '相互取暖'),
(10139, '自创热点'),
(10140, '双手打字'),
(10141, '免费广告'),
(10142, '假装爱过'),
(10143, '自曝短处'),
(10144, '公开求偶'),
(10145, '虚惊一场'),
(10146, '互道晚安'),
(10147, '奇迹出现'),
(10148, '硬币消费'),
(10149, '互道晚安'),
(10150, '结伴午饭'),
(10151, '珍珠奶茶'),
(10152, '冲动投资'),
(10153, '听陈奕迅'),
(10154, '鱼缸换水'),
(10155, '推荐新人'),
(10156, '饥饿疗法'),
(10157, '职业规划'),
(10158, '随地下蹲'),
(10159, '释放酒量'),
(10160, '九字短信'),
(10161, '齐头发帘'),
(10162, '炫耀罩杯'),
(10163, '出大招'),
(10164, '拨打分机'),
(10165, '无痕内衣'),
(10166, '集体裸睡'),
(10167, '倒卖名片'),
(10168, '日出而嘬'),
(10169, '电话会议'),
(10170, '装聋作哑'),
(10171, '热门话题'),
(10172, '电梯夹头'),
(10173, '夜班尿床'),
(10174, '注意安全'),
(10175, '网络金融'),
(10176, '购买彩票'),
(10177, '反复赖床'),
(10178, '更换密码'),
(10179, '放狠话'),
(10180, '热带水果'),
(10181, '电磁炉'),
(10182, '调整手表'),
(10183, '代收快递'),
(10184, '拷贝文字'),
(10185, '准时到岗'),
(10186, '格子床单'),
(10187, '暴露年龄'),
(10188, '团购零食'),
(10189, '浇灌植物'),
(10190, '冲印照片'),
(10191, '厕所偷拍'),
(10192, '刮腿毛'),
(10193, '加湿器'),
(10194, '循环播放'),
(10195, '浴衣趴体'),
(10196, '软饭硬吃'),
(10197, '相互推诿'),
(10198, '坡跟鞋'),
(10199, '转移资产'),
(10200, '情侣套装'),
(10201, '逃课旷工'),
(10202, '替人受过'),
(10203, '幸灾乐祸'),
(10204, '修剪腋毛'),
(10205, '发送私信'),
(10206, '无片镜框'),
(10207, '吉他弹唱'),
(10208, '废除约定'),
(10209, '扫大家兴'),
(10210, '绿叶菜'),
(10211, '精装书'),
(10212, '转让门票'),
(10213, '言归于好'),
(10214, '自制点心'),
(10215, '频频回头'),
(10216, '瓷杯饮茶'),
(10217, '装大个儿'),
(10218, '宫保鸡丁'),
(10219, '牛奶泡脚'),
(10220, '自修忍术'),
(10221, '倒计时'),
(10222, '在家加班'),
(10223, '粉色封皮'),
(10224, '替人缴费'),
(10225, '地方小吃'),
(10226, '加班餐'),
(10227, '彩色头饰'),
(10228, '右手开门'),
(10229, '冲服馒头'),
(10230, '抛售股票'),
(10231, '暴力拔牙'),
(10232, '吞吞吐吐'),
(10233, '接近胖子'),
(10234, '以貌娶人'),
(10235, '冷水刷牙'),
(10236, '手部运动'),
(10237, '被迫相亲'),
(10238, '转发段子'),
(10239, '分摊房费'),
(10240, '洗鸳鸯浴'),
(10241, '不识抬举'),
(10242, '高调分手'),
(10243, '肉色内衣'),
(10244, '尿速过快'),
(10245, '独自落泪'),
(10246, '发放福利'),
(10247, '充当损友'),
(10248, '恢复更新'),
(10249, '跨国通讯'),
(10250, '方便面'),
(10251, '修理家居'),
(10252, '粤语点菜'),
(10253, '粤语点菜'),
(10254, '约见EX'),
(10255, '浓稠饮品'),
(10256, '索要发票'),
(10257, '分泌体液'),
(10258, '手动磨白'),
(10259, '大幅甩臂'),
(10260, '整理简历'),
(10261, '电话催款'),
(10262, '约见客户'),
(10263, '主动加班'),
(10264, '嘲笑胖子'),
(10265, '挑逗男神'),
(10266, '装疯卖傻'),
(10267, '持续拖延'),
(10268, '上头条'),
(10269, '千鸟格'),
(10270, '采购坚果'),
(10271, '倒行十步'),
(10272, '转卖手机'),
(10273, '皮质短裤'),
(10274, '公仇私了'),
(10275, '转借饭卡'),
(10276, '双面打印'),
(10277, '苦肉计'),
(10278, '烧香拜金'),
(10279, '涉外广播'),
(10280, '积攒人品'),
(10281, '保健品'),
(10282, '当街朗诵'),
(10283, '拒绝加薪'),
(10284, '友情转发'),
(10285, '日语交谈'),
(10286, '抢先结账'),
(10287, '转移财产'),
(10288, '假装糊涂'),
(10289, '关爱备胎'),
(10290, '持续发胖'),
(10291, '二郎腿'),
(10292, '深夜发吃'),
(10293, '各种无聊'),
(10294, '申请加薪'),
(10295, '添置家具'),
(10296, '随机点赞'),
(10297, '英文沟通'),
(10298, '蓝色头像'),
(10299, '糖墩儿'),
(10300, '对焦不准'),
(10301, '内药外敷'),
(10302, '预约伴娘'),
(10303, '张臂飞跑'),
(10304, '辣白菜'),
(10305, '浅色毛衣'),
(10306, '当面验货'),
(10307, '消炎药'),
(10308, '更换厨具'),
(10309, '上门提亲'),
(10310, '赠送彩票'),
(10311, '不痛不痒'),
(10312, '翻篇儿'),
(10313, '胡吃海塞'),
(10314, '跨年炮'),
(10315, '感谢挫折'),
(10316, '收买岳母'),
(10317, '南方水果'),
(10318, '软件升级'),
(10319, '合影自拍'),
(10320, '丢弃旧物'),
(10321, '明年再说'),
(10322, '长微博'),
(10323, '挥霍青春'),
(10324, '合伙睡眠'),
(10325, '皮质外套'),
(10326, '自找凌辱'),
(10327, '小额理财'),
(10328, '方言民谣'),
(10329, '不懂就问'),
(10330, '头脑风暴'),
(10331, '微波炉'),
(10332, '进口食品'),
(10333, '奉承红人'),
(10334, '迟到早退'),
(10335, '知耻不勇'),
(10336, '更新app'),
(10337, '梳马尾'),
(10338, '独自进餐'),
(10339, '柠檬水'),
(10340, '业内八卦'),
(10341, '隐瞒收入'),
(10342, '换电池'),
(10343, '无糖配方'),
(10344, '睡沙发'),
(10345, '八卦老板'),
(10346, '微软雅黑'),
(10347, '早睡早起'),
(10348, '保持理智'),
(10349, '乱认男神'),
(10350, '退格键'),
(10351, '仿人签名'),
(10352, '拥吻取暖'),
(10353, '追忆备胎'),
(10354, '青春小说'),
(10355, '背包挂件'),
(10356, '外套撞衫'),
(10357, '戴假发'),
(10358, '双肩背包'),
(10359, '各种迟到'),
(10360, '自爆食量'),
(10361, '选择恐惧'),
(10362, '鼠标右键'),
(10363, '男性付账'),
(10364, '侧卧入睡'),
(10365, '请人喝茶'),
(10366, '翘班幽会'),
(10367, '步行回家'),
(10368, '观影午睡'),
(10369, '过气还魂'),
(10370, '逞强延时'),
(10371, '芝麻烧饼'),
(10372, '代签快递'),
(10373, '反复洗手'),
(10374, '手机转账'),
(10375, '漱口水'),
(10376, '彩色外套'),
(10377, '车载广播'),
(10378, '独自在家'),
(10379, '开窗吸霾'),
(10380, '预约病假'),
(10381, '指甲刀'),
(10382, '微信鸡汤'),
(10383, '孝敬领导'),
(10384, '分发福利'),
(10385, '脱衣检查'),
(10386, '舌吻成瘾'),
(10387, '外国人'),
(10388, '分食柚子'),
(10389, '追打同桌'),
(10390, '奉承人'),
(10391, '浅色甲油'),
(10392, '靠门而立'),
(10393, '多肉植物'),
(10394, '宁舌不弯'),
(10395, '掰腕子'),
(10396, '多喝水'),
(10397, '代拔胡须'),
(10398, '灰衬衣'),
(10399, '不粘锅'),
(10400, '提及情敌'),
(10401, '自曝把柄'),
(10402, '反咬一口'),
(10403, '蓝色衣物'),
(10404, '继续服药'),
(10405, '毅然分手'),
(10406, '方言交谈'),
(10407, '触碰菊花'),
(10408, '白色耳机'),
(10409, '用力吮吸'),
(10410, '秀下限'),
(10411, '橙色衣物'),
(10412, '自我催眠'),
(10413, '多管闲事'),
(10414, '回笼觉'),
(10415, '更换发型'),
(10416, '删除邮件'),
(10417, '跟风参赛'),
(10418, '绿秋裤'),
(10419, '追忆宿醉'),
(10420, '分批相亲'),
(10421, '玻璃瓶'),
(10422, '厕内阅读'),
(10423, '攻受联萌'),
(10424, '远路求医'),
(10425, '偏袒前妻'),
(10426, '以命逼婚'),
(10427, '抢桃花'),
(10428, '搭顺路车'),
(10429, '临时加班'),
(10430, '故意装傻'),
(10431, '炫耀哥大'),
(10432, '逆风而行'),
(10433, '排队等吃'),
(10434, '假装感动'),
(10435, '靠近河边'),
(10436, '逃避家务'),
(10437, '咖啡加糖'),
(20001, '锦鲤转运链'),
(20002, '红色手机壳'),
(20003, '黑曜石手链'),
(30001, '红色'),
(30002, '蓝色'),
(30003, '紫色'),
(30004, '橙色'),
(30005, '绿色'),
(30006, '青色'),
(30007, '黑色'),
(40001, '转发锦鲤微博两次'),
(40002, '给乞讨者1块钱'),
(40003, '发个自拍@ 大王'),
(40004, '语音向大王问好'),
(40005, '分享此页到朋友圈'),
(40006, '住处外绕三圈'),
(40007, '摇摇锦鲤大王风铃'),
(40008, '微博名加上"锦鲤"'),
(40009, '微博头像换成锦鲤'),
(40010, '向大王说个好消息'),
(40011, '向大王介绍个电影'),
(40012, '吼大王一下'),
(50001, '床上挖鼻孔'),
(50002, '吃饭听摇滚'),
(50003, '约会白富美'),
(50004, '中英文混杂'),
(50005, '吐槽评论员'),
(50006, '拉黑前男友'),
(50007, '婚后不焦虑'),
(50008, '批量下载AV'),
(50009, '晚七点前遛狗'),
(50010, '转移集体财产'),
(50011, '睁眼说瞎话'),
(50012, '关爱待产女性'),
(50013, '打印私人文件'),
(50014, '开关百叶窗'),
(50015, '下载限免应用'),
(50016, '为女上司看手相'),
(50017, '夸人身材好'),
(50018, '无诚意促销'),
(50019, '怒斥不良老板'),
(50020, '嘲笑处男处女'),
(50021, '亲吻左撇子'),
(50022, '影院吃爆米花'),
(50023, '提防男下属'),
(50024, '转让初夜权'),
(50025, '跨国朋友圈'),
(50026, '鸡头巴脑汤'),
(50027, '午后开始工作'),
(50028, '与傻逼交谈'),
(50029, '暴露数学功底'),
(50030, '大面积啄伤'),
(50031, '萝卜就热茶'),
(50032, '白内衣配黑袜子'),
(50033, '刷新朋友圈'),
(50034, '听风就是雨'),
(50035, '俄罗斯方块'),
(50036, '关爱大脸女性'),
(50037, '修改矢量图'),
(50038, '无病乱投票'),
(50039, '偷窥接吻情侣'),
(50040, '删垃圾短信'),
(50041, '晚11点后吸烟'),
(50042, '饼卷臭豆腐'),
(50043, '抢丈母娘貂儿'),
(50044, '无限期等人'),
(50045, '追打夹腿男'),
(50046, '更新暗恋对象'),
(50047, '下载电子书'),
(50048, '六人以上会议'),
(50049, '删除上网记录'),
(50050, '勾引白羊座'),
(50051, '勾引金牛座'),
(50052, '勾引双子座'),
(50053, '勾引巨蟹座'),
(50054, '勾引狮子座'),
(50055, '勾引处女座'),
(50056, '勾引天秤座'),
(50057, '勾引天蝎座'),
(50058, '勾引射手座'),
(50059, '勾引魔羯座'),
(50060, '勾引水瓶座'),
(50061, '勾引双鱼座'),
(50062, '轻黑白羊座'),
(50063, '轻黑金牛座'),
(50064, '轻黑双子座'),
(50065, '轻黑巨蟹座'),
(50066, '轻黑狮子座'),
(50067, '轻黑处女座'),
(50068, '轻黑天秤座'),
(50069, '轻黑天蝎座'),
(50070, '轻黑射手座'),
(50071, '轻黑魔羯座'),
(50072, '轻黑水瓶座'),
(50073, '轻黑双鱼座'),
(50074, '巴结白羊座'),
(50075, '巴结金牛座'),
(50076, '巴结双子座'),
(50077, '巴结巨蟹座'),
(50078, '巴结狮子座'),
(50079, '巴结处女座'),
(50080, '巴结天秤座'),
(50081, '巴结天蝎座'),
(50082, '巴结射手座'),
(50083, '巴结魔羯座'),
(50084, '巴结水瓶座'),
(50085, '巴结双鱼座'),
(50086, '转基因食品'),
(50087, '阅读长微博'),
(50088, '散播假八卦'),
(50089, '公交车站抽烟'),
(50090, '尝试新餐馆'),
(50091, '晒出黑名单'),
(50092, '怒闯异性寝室'),
(50093, '清空购物车'),
(50094, '异性并排行走'),
(50095, '出借数据线'),
(50096, '排挤贫乳分子'),
(50097, '酒后吐真言'),
(50098, '扶老人过马路'),
(50099, '夸赞别人老公'),
(50100, '拨通不讲话'),
(50101, '鼓励大龄剩女'),
(50102, '预防相思病'),
(50103, '帮女同学叠被'),
(50104, '参与一切工作话题'),
(50105, '小包装纸巾'),
(50106, '烧烤类食品'),
(50107, '各类网络测试'),
(50108, '为父母做饭'),
(50109, '甘当人肉撒气筒'),
(50110, '故意不上床'),
(50111, '狂殴加薪同事'),
(50112, '关爱孕期妇女'),
(50113, '一次性打火机'),
(50114, '一贱犯众怒'),
(50115, '夸赞美食'),
(50116, '人工催乳'),
(50117, '绿色下装'),
(50118, '给老板起外号'),
(50119, '腐乳就可乐'),
(50120, '吞咽他人口水'),
(50121, '交换手机号'),
(50122, '检查伴侣手机'),
(50123, '抽打外国朋友'),
(50124, '携宠物出游'),
(50125, '互称肉麻昵称'),
(50126, '吃水果到撑'),
(50127, '翻脸不认人'),
(50128, '紧急避孕药'),
(50129, '电梯内放屁'),
(50130, '羊肉馅元宵'),
(50131, '索要包装袋'),
(50132, '催促快递员'),
(50133, '上缴年终奖'),
(50134, '冒领年终奖'),
(50135, '请嫂子喝酒'),
(50136, '招惹黑车司机'),
(50137, '举报长腿女青年'),
(50138, '使用二十元纸币'),
(50139, '拒绝参与意见'),
(50140, '没事儿瞎逗逼'),
(50141, '作好事不留名'),
(50142, '共用润唇膏'),
(50143, '乘车掏耳朵'),
(50144, '20页以上ppt'),
(50145, '与杭州人握手'),
(50146, '替同事格式硬盘'),
(50147, '骚扰女权主义者'),
(50148, '坐副驾驶位'),
(50149, '无纸化办公'),
(50150, '搭讪卧铺旅伴'),
(50151, '撩拨销售女同事'),
(50152, '转发猫狗图片'),
(50153, '拆穿妄想症'),
(50154, '勾引大头少女'),
(50155, '临时开个会'),
(50156, '拒绝领导奇怪要求'),
(50157, '出借充电器'),
(50158, '询问wifi密码'),
(50159, '光长岁数不长个'),
(50160, '假装有未来'),
(50161, '转角撞到墙'),
(50162, '粉红色内衣'),
(50163, '跪求喜当爹'),
(50164, '预定会议室'),
(50165, '保持正当不性关系'),
(50166, '争吃病号饭'),
(50167, '投食双眼皮儿'),
(50168, '为领导开脱'),
(50169, '婚内损失婚外补'),
(50170, '互签免睡合约'),
(50171, '代买卫生巾'),
(50172, '关爱文科生'),
(50173, '上午发微博'),
(50174, '交流粗口经验'),
(50175, '混合型香烟'),
(50176, '为红衣老人指路'),
(50177, '微信讨论工作'),
(50178, '带迷路麋鹿回家'),
(50179, '发表过继感言'),
(50180, '出恭不出力'),
(50181, '与程序员约会'),
(50182, '拿骚情当浪漫'),
(50183, '追女不成反类其犬'),
(50184, '公交换乘地铁'),
(50185, '分享情色网址'),
(50186, '发送偶数字短信'),
(50187, '信用卡还款'),
(50188, '拉黑催稿编辑'),
(50189, '讨教梦遗技法'),
(50190, '放任娘泡卖骚'),
(50191, '为科学祈祷'),
(50192, '推算预产期'),
(50193, '交往水蛇腰'),
(50194, '同情苦逼同事'),
(50195, '与女汉子摔跤'),
(50196, '私自命名小行星'),
(50197, '强搀交警过马路'),
(50198, '观看法制节目'),
(50199, '给胖姑娘让座'),
(50200, '过度刺激敏感区'),
(50201, '嘲笑尤文噗球'),
(50202, '拒接同事电话'),
(50203, '礼节性互粉'),
(50204, '颜文字和表情符'),
(50205, '炫耀假睫毛'),
(50206, '为同事背锅'),
(50207, '冒充人体艺术家'),
(50208, '扫描二维码'),
(50209, '惯用手用餐'),
(50210, '追究劈腿责任'),
(50211, '拨打骚友电话'),
(50212, '车载无线电'),
(50213, '冲动性消费'),
(50214, '拒绝大脸女性'),
(50215, '拒绝非礼要求'),
(50216, '搭救裸睡儿童'),
(50217, '破坏打卡机'),
(50218, '请前台吃饭'),
(50219, '问我去哪儿'),
(50220, '摄录私密视频'),
(50221, '重拾不良嗜好'),
(50222, '投食女学生'),
(50223, '赠送贴身衣物'),
(50224, '委托第三方'),
(50225, '帮人挂断电话'),
(50226, '开会不管饭'),
(50227, '散发好人卡');

-- --------------------------------------------------------

--
-- 表的结构 `user`
--

DROP TABLE IF EXISTS `user`;
CREATE TABLE IF NOT EXISTS `user` (
  `user_id` bigint(20) NOT NULL,
  `wx_id` bigint(20) DEFAULT NULL,
`fish_number` int(20) NOT NULL,
  `level` int(11) DEFAULT NULL,
  `todayluck_id` int(11) DEFAULT NULL,
  `lastlogintime` timestamp NOT NULL DEFAULT CURRENT_TIMESTAMP ON UPDATE CURRENT_TIMESTAMP
) ENGINE=InnoDB  DEFAULT CHARSET=utf8 AUTO_INCREMENT=12 ;

--
-- 转存表中的数据 `user`
--

INSERT INTO `user` (`user_id`, `wx_id`, `fish_number`, `level`, `todayluck_id`, `lastlogintime`) VALUES
(0, 0, 1, 0, 1, '2014-10-04 16:00:22'),
(1, 1, 2, 11, 1, '2014-10-04 15:54:12'),
(2, 2, 3, 12, 2, '2014-10-04 15:59:01'),
(3, 3, 3, 11, NULL, '2014-10-04 15:56:46'),
(4, 4, 4, 11, NULL, '2014-10-04 15:56:53'),
(5, 5, 5, 11, NULL, '2014-10-04 15:56:58'),
(6, 6, 6, 11, NULL, '2014-10-04 15:59:23'),
(7, 7, 7, 11, NULL, '2014-10-04 15:48:51'),
(8, 8, 8, 11, NULL, '2014-10-04 15:53:51'),
(9, 9, 9, 11, NULL, '2014-10-04 15:59:07'),
(10, 10, 10, 11, NULL, '2014-10-04 15:56:26'),
(11, 11, 11, 11, NULL, '2014-10-04 14:51:18');

-- --------------------------------------------------------

--
-- 表的结构 `user_luck`
--

DROP TABLE IF EXISTS `user_luck`;
CREATE TABLE IF NOT EXISTS `user_luck` (
  `user_id` bigint(20) NOT NULL,
  `v_caiyun` int(11) DEFAULT NULL,
  `v_shiye` int(11) DEFAULT NULL,
  `v_aiqing` int(11) DEFAULT NULL,
  `v_jiankang` int(11) DEFAULT NULL,
  `v_yunqi` int(11) DEFAULT NULL,
  `yi0_0` int(11) DEFAULT NULL,
  `yi0_1` int(11) DEFAULT NULL,
  `yi1_0` int(11) DEFAULT NULL,
  `yi1_1` int(11) DEFAULT NULL,
  `yi2_0` int(11) DEFAULT NULL,
  `yi2_1` int(11) DEFAULT NULL,
  `ji0_0` int(11) DEFAULT NULL,
  `ji0_1` int(11) DEFAULT NULL,
  `ji1_0` int(11) DEFAULT NULL,
  `ji1_1` int(11) DEFAULT NULL,
  `ji2_0` int(11) DEFAULT NULL,
  `ji2_1` int(11) DEFAULT NULL,
  `luck_item` int(11) DEFAULT NULL,
  `luck_color` int(11) DEFAULT NULL,
  `addluck_way` int(11) DEFAULT NULL
) ENGINE=InnoDB DEFAULT CHARSET=utf8;

--
-- 转存表中的数据 `user_luck`
--

INSERT INTO `user_luck` (`user_id`, `v_caiyun`, `v_shiye`, `v_aiqing`, `v_jiankang`, `v_yunqi`, `yi0_0`, `yi0_1`, `yi1_0`, `yi1_1`, `yi2_0`, `yi2_1`, `ji0_0`, `ji0_1`, `ji1_0`, `ji1_1`, `ji2_0`, `ji2_1`, `luck_item`, `luck_color`, `addluck_way`) VALUES
(0, 7, 0, 8, 7, 3, 16, 22, 10080, 10118, 50043, 50118, 78, 109, 10179, 10372, 50135, 50207, 20001, 30004, 40009),
(1, 1, 5, 9, 7, 2, 55, 56, 10213, 10321, 50031, 50032, 78, 133, 10376, 10413, 50103, 50106, 20001, 30006, 40010),
(2, 8, 9, 8, 0, 7, 72, 127, 10048, 10289, 50040, 50096, 134, 138, 10324, 10420, 50131, 50198, 20002, 30004, 40010),
(3, 8, 5, 5, 10, 2, 70, 86, 10121, 10164, 50016, 50033, 92, 135, 10252, 10330, 50088, 50155, 20001, 30005, 40009),
(4, 1, 8, 9, 2, 8, 3, 25, 10039, 10075, 50004, 50024, 37, 85, 10242, 10338, 50100, 50157, 20003, 30005, 40005),
(5, 9, 8, 1, 10, 3, 4, 12, 10237, 10256, 50153, 50170, 62, 74, 10294, 10367, 50179, 50187, 20001, 30007, 40003),
(6, 2, 2, 1, 10, 7, 27, 76, 10064, 10299, 50008, 50107, 97, 103, 10311, 10321, 50162, 50203, 20001, 30003, 40011),
(7, 0, 5, 7, 1, 4, 3, 85, 10014, 10030, 50036, 50095, 133, 136, 10145, 10272, 50101, 50221, 20003, 30004, 40002),
(8, 5, 1, 5, 3, 4, 24, 102, 10019, 10129, 50069, 50174, 113, 115, 10400, 10413, 50200, 50217, 20002, 30006, 40005),
(9, 8, 1, 5, 0, 2, 20, 97, 10158, 10219, 50079, 50101, 112, 134, 10348, 10401, 50179, 50203, 20003, 30001, 40010),
(10, 5, 8, 9, 10, 8, 31, 74, 10295, 10349, 50027, 50096, 101, 115, 10358, 10397, 50140, 50207, 20001, 30003, 40011),
(11, 5, 0, 7, 3, 10, 56, 80, 10271, 10340, 50019, 50040, 111, 137, 10366, 10401, 50058, 50153, 20001, 30002, 40004);

--
-- Indexes for dumped tables
--

--
-- Indexes for table `template_level`
--
ALTER TABLE `template_level`
 ADD PRIMARY KEY (`level_id`);

--
-- Indexes for table `template_luck`
--
ALTER TABLE `template_luck`
 ADD PRIMARY KEY (`id`,`chinese`);

--
-- Indexes for table `user`
--
ALTER TABLE `user`
 ADD PRIMARY KEY (`user_id`,`fish_number`), ADD KEY `user_number` (`fish_number`);

--
-- Indexes for table `user_luck`
--
ALTER TABLE `user_luck`
 ADD PRIMARY KEY (`user_id`);

--
-- AUTO_INCREMENT for dumped tables
--

--
-- AUTO_INCREMENT for table `user`
--
ALTER TABLE `user`
MODIFY `fish_number` int(20) NOT NULL AUTO_INCREMENT,AUTO_INCREMENT=12;
/*!40101 SET CHARACTER_SET_CLIENT=@OLD_CHARACTER_SET_CLIENT */;
/*!40101 SET CHARACTER_SET_RESULTS=@OLD_CHARACTER_SET_RESULTS */;
/*!40101 SET COLLATION_CONNECTION=@OLD_COLLATION_CONNECTION */;
